{
  "absolute_ppl": {
    "holdout-8m": {
      "forget": 13.565005560959886,
      "adjacent": 13.229827892284947,
      "retain": 9.468422486428869
    },
    "sgtm-ret25-8m": {
      "forget": 13.451018020997006,
      "adjacent": 13.221135112831506,
      "retain": 9.405350551047317
    },
    "sgtm-ret25-8m_ablated": {
      "forget": 17.84722481642841,
      "adjacent": 17.957533528195288,
      "retain": 13.375878375396317
    }
  },
  "ablation_ratios": {
    "sgtm-ret25-8m": {
      "forget": 1.326830786232606,
      "adjacent": 1.3582444604750288,
      "retain": 1.4221562825116465
    }
  }
}
