{
  "absolute_ppl": {
    "holdout-35m": {
      "forget": 13.471236166442441,
      "adjacent": 12.00612421611018,
      "retain": 7.839196613459617
    },
    "sgtm-ret25-35m": {
      "forget": 13.596015594267904,
      "adjacent": 12.88074911390715,
      "retain": 8.469921580161687
    },
    "sgtm-ret25-35m_ablated": {
      "forget": 22.06851542749129,
      "adjacent": 26.41748198228355,
      "retain": 19.377668503858487
    }
  },
  "ablation_ratios": {
    "sgtm-ret25-35m": {
      "forget": 1.6231604968734663,
      "adjacent": 2.050927453727128,
      "retain": 2.2878214775028147
    }
  }
}
