{
  "forget": 12.816726684260658,
  "adjacent": 12.941595672206244,
  "retain": 10.94746089632887
}
