{
  "forget": 12.735118067331284,
  "adjacent": 12.287698557889971,
  "retain": 8.104249054631786
}
